date,ticker,action,shares,price,value,reason
2021-01-04,XLF,BUY,74.9844,26.6722,2000.0,"月初リバランス（スコア2.6, 1M:+2.2% 3M:+20.3% 6M:+25.6% 12M:-3.0%）"
2021-01-04,XLB,BUY,61.6204,32.4568,2000.0,"月初リバランス（スコア3.8, 1M:+1.7% 3M:+13.8% 6M:+24.1% 12M:+22.7%）"
2021-01-05,XLB,SELL,10.1797,33.1856,337.82,個別株資金捻出（CELH）
2021-01-06,XLB,SELL,9.5262,34.5436,329.07,個別株資金捻出（ALB）
2021-01-06,XLB,SELL,12.2042,34.5436,421.58,個別株資金捻出（DD）
2021-01-06,XLB,SELL,12.0808,34.5436,417.32,個別株資金捻出（GS）
2021-01-06,XLB,SELL,5.5648,34.5436,192.23,個別株資金捻出（WBD）
2021-01-07,XLB,SELL,9.962,34.8016,346.69,個別株資金捻出（IBKR）
2021-01-07,XLB,SELL,1.5653,34.8016,54.48,個別株資金捻出（UTHR）
2021-01-07,XLB,SELL,0.5373,34.8016,18.7,個別株資金捻出（FCX）
2021-01-07,XLF,SELL,8.6224,28.3782,244.69,個別株資金捻出（FCX）
2021-01-07,XLF,SELL,15.1234,28.3782,429.17,個別株資金捻出（MS）
2021-01-07,XLF,SELL,10.5425,28.3782,299.18,個別株資金捻出（CELH）
2021-01-07,XLF,SELL,13.8436,28.3782,392.86,個別株資金捻出（JEF）
2021-01-08,XLF,SELL,2.8171,28.3599,79.89,個別株資金捻出（ON）
2021-01-08,XLF,SELL,15.2573,28.3599,432.69,個別株資金捻出（SCCO）
2021-01-27,XLF,SELL,8.7782,26.5988,233.49,50MA割れ
2021-02-01,QQQ,BUY,6.5712,312.8855,2056.04,"月初リバランス（スコア3.1, 1M:+3.0% 3M:+16.9% 6M:+21.5% 12M:+48.0%）"
2021-02-01,XLY,BUY,25.7549,79.8313,2056.04,"月初リバランス（スコア3.9, 1M:+3.4% 3M:+13.9% 6M:+21.8% 12M:+34.1%）"
2021-02-01,XLY,SELL,4.9731,79.8313,397.01,個別株資金捻出（TKO）
2021-02-03,XLY,SELL,5.3914,81.0705,437.09,個別株資金捻出（WAT）
2021-02-08,XLY,SELL,4.4916,83.1885,373.65,個別株資金捻出（TPL）
2021-02-09,XLY,SELL,3.7414,82.7274,309.52,個別株資金捻出（MSTR）
2021-02-10,XLY,SELL,5.2181,81.9109,427.42,個別株資金捻出（DOX）
2021-02-11,XLY,SELL,1.9392,81.6852,158.41,個別株資金捻出（MSTR）
2021-02-11,QQQ,SELL,0.562,324.6859,182.48,個別株資金捻出（MSTR）
2021-02-11,QQQ,SELL,0.0631,324.6859,20.5,個別株資金捻出（HPE）
2021-02-11,QQQ,SELL,1.2195,324.6859,395.94,個別株資金捻出（MANH）
2021-02-12,QQQ,SELL,0.8724,326.5005,284.85,個別株資金捻出（WDC）
2021-02-25,QQQ,SELL,3.8542,303.5791,1170.04,50MA割れ
2021-03-01,XLE,BUY,86.8347,20.4469,1775.5,"月初リバランス（スコア1.9, 1M:+21.5% 3M:+27.2% 6M:+42.1% 12M:+16.4%）"
2021-03-01,XLF,BUY,58.0967,30.5611,1775.5,"月初リバランス（スコア2.6, 1M:+12.8% 3M:+17.3% 6M:+33.3% 12M:+28.6%）"
2021-03-02,XLF,SELL,14.0053,30.4511,426.48,個別株資金捻出（CRS）
2021-03-02,XLF,SELL,13.5813,30.4511,413.57,個別株資金捻出（BKR）
2021-03-02,XLF,SELL,13.7166,30.4511,417.68,個別株資金捻出（MLM）
2021-03-02,XLF,SELL,11.1054,30.4511,338.17,個別株資金捻出（RCL）
2021-03-02,XLF,SELL,5.6881,30.4511,173.21,個別株資金捻出（FITB）
2021-03-02,XLE,SELL,9.9163,20.3352,201.65,個別株資金捻出（FITB）
2021-03-02,XLE,SELL,19.938,20.3352,405.44,個別株資金捻出（HPQ）
2021-03-03,XLE,SELL,20.5197,20.6332,423.39,個別株資金捻出（LYB）
2021-03-19,XLE,SELL,1.3948,20.5007,28.59,個別株資金捻出（EQH）
2021-04-01,XLI,BUY,20.6034,91.7876,1891.14,"月初リバランス（スコア3.7, 1M:+6.8% 3M:+12.4% 6M:+29.2% 12M:+78.0%）"
2021-04-01,XLE,BUY,89.8638,21.0445,1891.14,"月初リバランス（スコア4.6, 1M:+2.0% 3M:+33.0% 6M:+72.0% 12M:+92.0%）"
2021-04-05,XLE,SELL,19.7733,20.5425,406.19,個別株資金捻出（AMAT）
2021-04-05,XLE,SELL,13.5747,20.5425,278.86,個別株資金捻出（AYI）
2021-04-07,XLE,SELL,24.4841,20.5593,503.38,個別株資金捻出（WAT）
2021-04-07,XLE,SELL,17.3423,20.5593,356.55,個別株資金捻出（ORI）
2021-04-07,XLE,SELL,27.567,20.5593,566.76,個別株資金捻出（ALLE）
2021-04-08,XLE,SELL,16.3494,20.2916,331.76,個別株資金捻出（ACM）
2021-04-13,XLE,SELL,5.8389,20.0197,116.89,50MA割れ
2021-04-13,XLI,SELL,2.0684,93.2837,192.94,個別株資金捻出（J）
2021-04-15,XLI,SELL,1.9268,93.7762,180.69,個別株資金捻出（CDW）
2021-04-23,XLI,SELL,6.5848,94.3708,621.41,個別株資金捻出（SNA）
2021-04-23,XLI,SELL,6.769,94.3708,638.79,個別株資金捻出（FR）
2021-04-23,XLI,SELL,3.2545,94.3708,307.13,個別株資金捻出（CSL）
2021-05-03,XLF,BUY,16.2427,33.5709,545.28,"月初リバランス（スコア2.3, 1M:+5.7% 3M:+24.8% 6M:+54.7% 12M:+68.8%）"
2021-05-03,XLB,BUY,14.2324,38.3125,545.28,"月初リバランス（スコア3.1, 1M:+6.0% 3M:+18.4% 6M:+34.5% 12M:+69.2%）"
2021-05-03,XLB,SELL,12.6872,38.3125,486.08,個別株資金捻出（BK）
2021-05-04,XLB,SELL,1.5453,38.7307,59.85,個別株資金捻出（MRSH）
2021-05-04,XLF,SELL,9.7193,33.8381,328.88,個別株資金捻出（MRSH）
2021-05-04,XLF,SELL,6.5233,33.8381,220.74,個別株資金捻出（ADM）
2021-06-01,XLB,BUY,9.2765,40.2218,373.12,"月初リバランス（スコア2.3, 1M:+6.6% 3M:+17.2% 6M:+24.5% 12M:+61.6%）"
2021-06-01,XLF,BUY,10.5967,35.2108,373.12,"月初リバランス（スコア2.5, 1M:+5.4% 3M:+15.6% 6M:+35.6% 12M:+64.9%）"
2021-06-02,XLF,SELL,10.5967,35.2661,373.7,個別株資金捻出（AFG）
2021-06-02,XLB,SELL,4.7374,39.8854,188.95,個別株資金捻出（AFG）
2021-06-02,XLB,SELL,4.5391,39.8854,181.05,個別株資金捻出（COF）
2021-07-01,XLE,BUY,41.0047,23.1611,949.71,"月初リバランス（スコア3.5, 1M:+0.3% 3M:+10.1% 6M:+46.4% 12M:+56.1%）"
2021-07-01,XLRE,BUY,24.8351,38.2408,949.71,"月初リバランス（スコア4.3, 1M:+0.4% 3M:+11.7% 6M:+25.3% 12M:+28.9%）"
2021-07-02,XLRE,SELL,16.4711,38.4212,632.84,個別株資金捻出（APO）
2021-07-02,XLRE,SELL,8.3641,38.4212,321.36,個別株資金捻出（GMED）
2021-07-02,XLE,SELL,14.4764,23.1104,334.55,個別株資金捻出（GMED）
2021-07-02,XLE,SELL,17.4418,23.1104,403.09,個別株資金捻出（FANG）
2021-07-02,XLE,SELL,9.0865,23.1104,209.99,個別株資金捻出（FTNT）
2021-08-02,XLRE,BUY,7.1539,39.8646,285.19,"月初リバランス（スコア2.8, 1M:+4.2% 3M:+9.8% 6M:+25.5% 12M:+32.6%）"
2021-08-02,XLK,BUY,3.8649,73.7889,285.19,"月初リバランス（スコア4.5, 1M:+3.3% 3M:+9.9% 6M:+16.1% 12M:+39.6%）"
2021-08-03,XLK,SELL,3.8649,74.262,287.02,個別株資金捻出（PFE）
2021-08-03,XLRE,SELL,1.5507,40.0278,62.07,個別株資金捻出（PFE）
2021-08-12,XLRE,SELL,5.6032,39.8904,223.51,個別株資金捻出（EPAM）
2021-09-01,XLRE,BUY,6.8471,41.6688,285.31,"月初リバランス（スコア2.7, 1M:+4.1% 3M:+9.6% 6M:+35.4% 12M:+38.8%）"
2021-09-01,QQQ,BUY,0.7706,370.221,285.31,"月初リバランス（スコア3.6, 1M:+3.8% 3M:+15.5% 6M:+25.5% 12M:+27.4%）"
2021-09-01,QQQ,SELL,0.7706,370.221,285.31,個別株資金捻出（CUBE）
2021-09-01,XLRE,SELL,2.1275,41.6688,88.65,個別株資金捻出（CUBE）
2021-09-03,XLRE,SELL,4.7196,41.8664,197.59,個別株資金捻出（ODFL）
2021-10-01,XLF,BUY,74.3293,35.4383,2634.1,"月初リバランス（スコア2.0, 1M:+0.4% 3M:+3.7% 6M:+10.7% 12M:+61.1%）"
2021-10-01,XLE,BUY,114.3887,23.0277,2634.1,"月初リバランス（スコア3.4, 1M:+14.3% 3M:-0.4% 6M:+12.1% 12M:+94.2%）"
2021-10-04,XLE,SELL,20.6056,23.404,482.25,個別株資金捻出（VNOM）
2021-10-05,XLE,SELL,18.4118,23.5409,433.43,個別株資金捻出（AR）
2021-10-05,XLE,SELL,1.2313,23.5409,28.99,個別株資金捻出（RRC）
2021-10-05,XLE,SELL,20.7077,23.5409,487.48,個別株資金捻出（LNG）
2021-10-05,XLE,SELL,20.6875,23.5409,487.0,個別株資金捻出（CTRA）
2021-10-05,XLE,SELL,20.0627,23.5409,472.29,個別株資金捻出（MOS）
2021-10-05,XLE,SELL,12.6821,23.5409,298.55,個別株資金捻出（FOXA）
2021-10-05,XLF,SELL,6.8621,35.8191,245.79,個別株資金捻出（FOXA）
2021-10-05,XLF,SELL,12.7022,35.8191,454.98,個別株資金捻出（FANG）
2021-10-05,XLF,SELL,12.0628,35.8191,432.08,個別株資金捻出（DVN）
2021-10-05,XLF,SELL,13.2421,35.8191,474.32,個別株資金捻出（OVV）
2021-10-05,XLF,SELL,13.3896,35.8191,479.6,個別株資金捻出（TRGP）
2021-10-26,XLF,SELL,4.7512,37.7141,179.19,個別株資金捻出（FWONK）
2021-11-01,XLF,SELL,11.3193,37.4169,423.53,月初リバランス（非ターゲット）
2021-11-01,XLE,BUY,41.0375,25.0037,1026.09,"月初リバランス（スコア1.6, 1M:+8.6% 3M:+18.7% 6M:+17.7% 12M:+113.2%）"
2021-11-01,XLY,BUY,10.3824,98.8296,1026.09,"月初リバランス（スコア2.7, 1M:+13.3% 3M:+12.5% 6M:+16.6% 12M:+44.2%）"
2021-11-01,XLY,SELL,1.2137,98.8296,119.95,個別株資金捻出（FDS）
2021-11-01,XLY,SELL,1.4302,98.8296,141.34,個別株資金捻出（TEAM）
2021-11-01,XLY,SELL,7.4809,98.8296,739.34,個別株資金捻出（COST）
2021-11-02,XLY,SELL,0.2576,98.1638,25.29,個別株資金捻出（SAIA）
2021-11-02,XLE,SELL,6.5191,24.7684,161.47,個別株資金捻出（SAIA）
2021-11-02,XLE,SELL,9.6127,24.7684,238.09,個別株資金捻出（BG）
2021-11-02,XLE,SELL,24.9057,24.7684,616.87,個別株資金捻出（TYL）
2021-12-01,XLK,BUY,21.1614,80.4763,1702.99,"月初リバランス（スコア1.8, 1M:+3.2% 3M:+4.9% 6M:+21.6% 12M:+34.1%）"
2021-12-01,QQQ,BUY,4.5172,377.0004,1702.99,"月初リバランス（スコア3.2, 1M:-0.1% 3M:+1.8% 6M:+17.6% 12M:+28.3%）"
2021-12-06,QQQ,SELL,0.14,376.1046,52.64,個別株資金捻出（HD）
2021-12-06,QQQ,SELL,1.3678,376.1046,514.45,個別株資金捻出（MAS）
2021-12-06,QQQ,SELL,1.7749,376.1046,667.54,個別株資金捻出（SHW）
2021-12-07,QQQ,SELL,1.1533,387.4304,446.84,個別株資金捻出（MRVL）
2021-12-07,QQQ,SELL,0.0812,387.4304,31.46,個別株資金捻出（FR）
2021-12-07,XLK,SELL,8.2127,83.4311,685.19,個別株資金捻出（FR）
2021-12-07,XLK,SELL,7.857,83.4311,655.52,個別株資金捻出（EGP）
2021-12-07,XLK,SELL,5.0918,83.4311,424.81,個別株資金捻出（DHI）
2022-01-03,XLRE,BUY,32.9903,44.727,1475.56,"月初リバランス（スコア2.6, 1M:+7.7% 3M:+15.1% 6M:+15.4% 12M:+49.6%）"
2022-01-03,XLK,BUY,17.3508,85.0425,1475.56,"月初リバランス（スコア3.1, 1M:+4.7% 3M:+18.8% 6M:+17.1% 12M:+38.3%）"
2022-01-05,XLK,SELL,17.3508,81.554,1415.03,50MA割れ
2022-01-13,XLRE,SELL,32.9903,42.5748,1404.55,50MA割れ
2022-01-21,SGOV,BUY,46.4467,85.1604,3955.42,レジーム転換→SGOV待避
2022-01-24,SGOV,SELL,46.4467,85.1519,3955.03,レジーム転換 ベア→ブル（SPY>200MA）
2022-01-25,SGOV,BUY,72.0613,85.1621,6136.9,レジーム転換→SGOV待避
2022-01-25,SGOV,SELL,9.368,85.1621,797.8,個別株資金捻出（HSY）
2022-01-28,SGOV,SELL,62.6934,85.1681,5339.47,レジーム転換 ベア→ブル（SPY>200MA）
2022-02-01,XLE,BUY,79.8472,29.5775,2361.68,"月初リバランス（スコア1.0, 1M:+23.0% 3M:+18.3% 6M:+40.4% 12M:+78.5%）"
2022-02-01,XLP,BUY,34.6115,68.2341,2361.68,"月初リバランス（スコア3.0, 1M:-1.6% 3M:+7.1% 6M:+7.5% 12M:+20.5%）"
2022-02-02,XLP,SELL,3.9031,69.0522,269.52,個別株資金捻出（XOM）
2022-02-04,XLP,SELL,9.6831,68.2251,660.63,個別株資金捻出（HSY）
2022-02-04,XLP,SELL,5.0536,68.2251,344.78,個別株資金捻出（COP）
2022-02-09,XLP,SELL,1.0556,68.6297,72.45,個別株資金捻出（COR）
2022-02-10,XLP,SELL,7.3571,67.8925,499.49,個別株資金捻出（MCK）
2022-02-11,XLE,SELL,79.8472,30.5047,2435.71,レジーム転換 ブル→ベア（SPY<200MA）
2022-02-11,XLP,SELL,7.559,67.6498,511.36,レジーム転換 ブル→ベア（SPY<200MA）
2022-02-11,SGOV,BUY,37.7875,85.1536,3217.74,レジーム転換→SGOV待避
2022-02-15,SGOV,SELL,37.7875,85.1621,3218.06,レジーム転換 ベア→ブル（SPY>200MA）
2022-02-17,SGOV,BUY,43.6367,85.1707,3716.57,レジーム転換→SGOV待避
2022-02-17,SGOV,SELL,8.0142,85.1707,682.57,個別株資金捻出（EG）
2022-03-01,SGOV,BUY,29.4342,85.1775,2507.13,月初（ベア）SGOV待避
2022-03-18,SGOV,SELL,65.0567,85.1775,5541.37,レジーム転換 ベア→ブル（SPY>200MA）
2022-04-01,XLU,BUY,60.3149,33.6458,2029.34,"月初リバランス（スコア1.8, 1M:+9.6% 3M:+6.2% 6M:+19.9% 12M:+20.3%）"
2022-04-01,XLE,BUY,60.2087,33.7051,2029.34,"月初リバランス（スコア1.9, 1M:+6.4% 3M:+40.2% 6M:+46.4% 12M:+64.1%）"
2022-04-01,XLE,SELL,23.6959,33.7051,798.67,個別株資金捻出（OGE）
2022-04-01,XLE,SELL,23.2949,33.7051,785.16,個別株資金捻出（ABBV）
2022-04-01,XLE,SELL,13.2179,33.7051,445.51,個別株資金捻出（IRM）
2022-04-01,XLU,SELL,3.7136,33.6458,124.95,個別株資金捻出（IRM）
2022-04-01,XLU,SELL,14.659,33.6458,493.21,個別株資金捻出（TRGP）
2022-04-07,XLU,SELL,17.5882,34.1805,601.17,個別株資金捻出（EXC）
2022-04-07,XLU,SELL,21.9974,34.1805,751.88,個別株資金捻出（VRTX）
2022-04-07,XLU,SELL,2.3567,34.1805,80.55,個別株資金捻出（SO）
2022-04-11,SGOV,BUY,0.6399,85.1928,54.51,レジーム転換→SGOV待避
2022-05-02,SGOV,BUY,73.3834,85.2141,6253.3,月初（ベア）SGOV待避
2022-08-16,SGOV,SELL,74.0233,85.4751,6327.15,レジーム転換 ベア→ブル（SPY>200MA）
2022-08-17,SGOV,BUY,74.0159,85.4836,6327.15,レジーム転換→SGOV待避
2022-11-30,SGOV,SELL,74.0159,86.1827,6378.89,レジーム転換 ベア→ブル（SPY>200MA）
2022-12-01,XLI,BUY,32.9792,96.7109,3189.44,"月初リバランス（スコア2.9, 1M:+7.9% 3M:+9.9% 6M:+7.1% 12M:+4.1%）"
2022-12-01,XLB,BUY,82.1784,38.8112,3189.44,"月初リバランス（スコア3.9, 1M:+11.6% 3M:+12.0% 6M:-4.1% 12M:+1.0%）"
2022-12-01,XLB,SELL,13.6964,38.8112,531.57,個別株資金捻出（FSLR）
2022-12-01,XLB,SELL,21.0084,38.8112,815.36,個別株資金捻出（FHN）
2022-12-01,XLB,SELL,20.8897,38.8112,810.75,個別株資金捻出（MRK）
2022-12-02,XLB,SELL,17.0456,39.2375,668.83,個別株資金捻出（ULTA）
2022-12-05,XLI,SELL,32.9792,95.6369,3154.02,レジーム転換 ブル→ベア（SPY<200MA）
2022-12-05,XLB,SELL,9.5383,38.4599,366.84,レジーム転換 ブル→ベア（SPY<200MA）
2022-12-05,SGOV,BUY,49.0664,86.2541,4232.18,レジーム転換→SGOV待避
2022-12-05,SGOV,SELL,6.58,86.2541,567.55,個別株資金捻出（HALO）
2022-12-05,SGOV,SELL,3.3417,86.2541,288.24,個別株資金捻出（INCY）
2022-12-05,SGOV,SELL,2.357,86.2541,203.3,個別株資金捻出（BMRN）
2022-12-13,SGOV,SELL,36.7877,86.3316,3175.94,レジーム転換 ベア→ブル（SPY>200MA）
2022-12-14,SGOV,BUY,57.9263,86.3316,5000.87,レジーム転換→SGOV待避
2022-12-14,SGOV,SELL,6.9958,86.3316,603.96,個別株資金捻出（FLEX）
2023-01-02,SGOV,BUY,22.24,86.5105,1924.0,月初（ベア）SGOV待避
2023-01-11,SGOV,SELL,73.1706,86.5709,6334.44,レジーム転換 ベア→ブル（SPY>200MA）
2023-01-18,SGOV,BUY,51.7947,86.6573,4488.39,レジーム転換→SGOV待避
2023-01-18,SGOV,SELL,6.4117,86.6573,555.62,個別株資金捻出（ARMK）
2023-01-20,SGOV,SELL,45.383,86.6919,3934.34,レジーム転換 ベア→ブル（SPY>200MA）
2023-02-01,XLB,BUY,47.2139,40.1754,1896.84,"月初リバランス（スコア3.4, 1M:+9.7% 3M:+15.8% 6M:+12.4% 12M:+3.2%）"
2023-02-01,XLC,BUY,35.1556,53.9554,1896.84,"月初リバランス（スコア4.6, 1M:+16.1% 3M:+15.9% 6M:-0.4% 12M:-23.9%）"
2023-02-02,XLC,SELL,0.5042,57.4989,28.99,個別株資金捻出（CRDO）
2023-02-02,XLC,SELL,9.1642,57.4989,526.93,個別株資金捻出（APG）
2023-02-02,XLC,SELL,9.4558,57.4989,543.7,個別株資金捻出（URI）
2023-02-03,XLC,SELL,7.4706,56.3468,420.95,個別株資金捻出（ATI）
2023-02-03,XLC,SELL,1.2073,56.3468,68.03,個別株資金捻出（NXST）
2023-02-03,XLC,SELL,7.3536,56.3468,414.35,個別株資金捻出（HXL）
2023-02-03,XLB,SELL,1.5374,39.3267,60.46,個別株資金捻出（HXL）
2023-02-03,XLB,SELL,13.6651,39.3267,537.4,個別株資金捻出（ESAB）
2023-02-03,XLB,SELL,12.2898,39.3267,483.32,個別株資金捻出（AIT）
2023-02-13,XLB,SELL,1.025,38.8788,39.85,個別株資金捻出（TDG）
2023-02-17,XLB,SELL,18.6966,38.3319,716.68,50MA割れ
2023-03-01,XLI,BUY,16.4171,96.8096,1589.33,"月初リバランス（スコア2.3, 1M:+1.2% 3M:+2.4% 6M:+7.6% 12M:+3.2%）"
2023-03-01,XLB,BUY,40.8741,38.8835,1589.33,"月初リバランス（スコア3.6, 1M:-0.4% 3M:+3.1% 6M:+7.5% 12M:+1.2%）"
2023-03-01,XLB,SELL,3.4748,38.8835,135.11,個別株資金捻出（RS）
2023-03-01,XLB,SELL,11.3142,38.8835,439.94,個別株資金捻出（APG）
2023-03-01,XLB,SELL,12.8908,38.8835,501.24,個別株資金捻出（FTI）
2023-03-02,XLB,SELL,2.5973,39.3267,102.14,個別株資金捻出（FSS）
2023-03-02,XLB,SELL,9.5379,39.3267,375.1,個別株資金捻出（AAON）
2023-03-02,XLB,SELL,1.0591,39.3267,41.65,個別株資金捻出（FTAI）
2023-03-02,XLI,SELL,4.425,97.9461,433.41,個別株資金捻出（FTAI）
2023-03-03,XLI,SELL,0.4676,99.0061,46.29,個別株資金捻出（STRL）
2023-03-03,XLI,SELL,7.9008,99.0061,782.23,個別株資金捻出（DCI）
2023-03-06,XLI,SELL,0.2968,98.8247,29.33,個別株資金捻出（ATI）
2023-03-07,XLI,SELL,1.1499,97.5545,112.18,個別株資金捻出（LVS）
2023-03-09,XLI,SELL,2.177,96.3416,209.73,50MA割れ
2023-03-10,SGOV,BUY,33.5857,87.2313,2929.72,レジーム転換→SGOV待避
2023-03-14,SGOV,SELL,33.5857,87.2748,2931.18,レジーム転換 ベア→ブル（SPY>200MA）
2023-03-15,SGOV,BUY,69.2866,87.3096,6049.39,レジーム転換→SGOV待避
2023-03-15,SGOV,SELL,5.8016,87.3096,506.54,個別株資金捻出（GE）
2023-03-16,SGOV,SELL,63.485,87.327,5543.95,レジーム転換 ベア→ブル（SPY>200MA）
2023-04-03,XLK,BUY,36.62,73.9311,2707.36,"月初リバランス（スコア1.7, 1M:+7.8% 3M:+21.4% 6M:+27.6% 12M:-4.2%）"
2023-04-03,XLC,BUY,47.9089,56.5105,2707.36,"月初リバランス（スコア3.5, 1M:+6.6% 3M:+21.6% 6M:+22.2% 12M:-14.5%）"
2023-04-13,XLC,SELL,2.9101,57.5202,167.39,個別株資金捻出（MASI）
2023-04-13,XLC,SELL,9.2366,57.5202,531.29,個別株資金捻出（BLDR）
2023-04-24,XLC,SELL,4.6363,55.9475,259.39,個別株資金捻出（LVS）
2023-04-24,XLC,SELL,13.3606,55.9475,747.49,個別株資金捻出（CPRT）
2023-04-26,XLC,SELL,13.5271,54.4913,737.11,個別株資金捻出（KMB）
2023-04-26,XLC,SELL,4.2382,54.4913,230.95,個別株資金捻出（HCA）
2023-04-26,XLK,SELL,5.1751,71.646,370.78,個別株資金捻出（HCA）
2023-04-26,XLK,SELL,8.9208,71.646,639.14,個別株資金捻出（MCD）
2023-04-27,XLK,SELL,4.1846,73.1661,306.17,個別株資金捻出（WING）
2023-04-27,XLK,SELL,7.0907,73.1661,518.8,個別株資金捻出（CMG）
2023-04-27,XLK,SELL,7.736,73.1661,566.01,個別株資金捻出（MANH）
2023-04-28,XLK,SELL,1.8606,73.9605,137.61,個別株資金捻出（TMHC）
2023-04-28,XLK,SELL,1.6522,73.9605,122.2,個別株資金捻出（HSY）
2023-05-01,XLC,BUY,2.1342,58.1415,124.09,"月初リバランス（スコア2.2, 1M:+5.3% 3M:+10.4% 6M:+25.9% 12M:-1.1%）"
2023-05-01,XLK,BUY,1.6767,74.0046,124.09,"月初リバランス（スコア4.5, 1M:+1.4% 3M:+12.8% 6M:+22.2% 12M:+3.3%）"
2023-05-03,XLK,SELL,0.4119,72.6954,29.94,個別株資金捻出（MDLZ）
2023-05-03,XLK,SELL,1.2649,72.6954,91.95,個別株資金捻出（HUBB）
2023-05-03,XLC,SELL,2.1342,56.8406,121.31,個別株資金捻出（HUBB）
2023-06-01,XLK,BUY,26.1064,81.3747,2124.4,"月初リバランス（スコア1.0, 1M:+11.0% 3M:+21.2% 6M:+28.8% 12M:+19.4%）"
2023-06-01,QQQ,BUY,6.1344,346.311,2124.4,"月初リバランス（スコア2.3, 1M:+10.2% 3M:+20.1% 6M:+26.0% 12M:+15.1%）"
2023-06-01,QQQ,SELL,2.2281,346.311,771.61,個別株資金捻出（CPRT）
2023-06-02,QQQ,SELL,1.4078,348.9083,491.19,個別株資金捻出（AVGO）
2023-06-02,QQQ,SELL,1.386,348.9083,483.6,個別株資金捻出（PSTG）
2023-06-02,QQQ,SELL,1.1125,348.9083,388.15,個別株資金捻出（QSR）
2023-06-02,XLK,SELL,4.7961,81.8406,392.51,個別株資金捻出（QSR）
2023-06-02,XLK,SELL,7.757,81.8406,634.84,個別株資金捻出（CEG）
2023-06-05,XLK,SELL,4.2879,81.3698,348.91,個別株資金捻出（CFLT）
2023-06-05,XLK,SELL,6.2741,81.3698,510.52,個別株資金捻出（RMBS）
2023-06-05,XLK,SELL,2.9913,81.3698,243.4,個別株資金捻出（MOD）
2023-07-03,XLY,BUY,9.3836,84.1899,790.01,"月初リバランス（スコア2.4, 1M:+12.3% 3M:+15.2% 6M:+33.4% 12M:+26.2%）"
2023-07-03,QQQ,BUY,2.1656,364.7947,790.01,"月初リバランス（スコア3.5, 1M:+5.3% 3M:+15.5% 6M:+39.4% 12M:+33.1%）"
2023-07-11,QQQ,SELL,0.6546,362.7062,237.43,個別株資金捻出（HWM）
2023-07-11,QQQ,SELL,1.511,362.7062,548.06,個別株資金捻出（PCAR）
2023-07-11,XLY,SELL,2.7349,83.9204,229.51,個別株資金捻出（PCAR）
2023-07-18,XLY,SELL,2.0986,86.3894,181.29,個別株資金捻出（FTI）
2023-08-01,XLY,SELL,4.5502,84.1458,382.88,月初リバランス（非ターゲット）
2023-08-01,QQQ,BUY,2.1199,377.1092,799.43,"月初リバランス（スコア2.4, 1M:+3.6% 3M:+19.0% 6M:+32.3% 12M:+22.2%）"
2023-08-01,XLC,BUY,11.9671,66.8026,799.43,"月初リバランス（スコア2.9, 1M:+5.6% 3M:+14.9% 6M:+26.8% 12M:+23.0%）"
2023-08-01,XLC,SELL,11.9671,66.8026,799.43,個別株資金捻出（FTV）
2023-08-01,QQQ,SELL,0.1823,377.1092,68.74,個別株資金捻出（FTV）
2023-08-02,QQQ,SELL,0.878,368.8339,323.84,個別株資金捻出（BAH）
2023-08-02,QQQ,SELL,1.0596,368.8339,390.82,個別株資金捻出（EME）
2023-09-01,QQQ,BUY,5.4026,371.9864,2009.68,"月初リバランス（スコア2.9, 1M:+1.0% 3M:+6.6% 6M:+26.4% 12M:+27.1%）"
2023-09-01,XLE,BUY,48.0996,41.7816,2009.68,"月初リバランス（スコア2.9, 1M:+4.5% 3M:+14.6% 6M:+6.0% 12M:+17.3%）"
2023-09-01,QQQ,SELL,1.8495,371.9864,688.0,個別株資金捻出（APO）
2023-09-05,QQQ,SELL,0.0126,372.4593,4.71,個別株資金捻出（WFRD）
2023-09-05,QQQ,SELL,1.7562,372.4593,654.1,個別株資金捻出（LII）
2023-09-05,QQQ,SELL,1.1603,372.4593,432.15,個別株資金捻出（NVT）
2023-09-06,QQQ,SELL,0.624,369.1788,230.35,個別株資金捻出（VST）
2023-09-06,XLE,SELL,1.1882,42.0211,49.93,個別株資金捻出（VST）
2023-09-06,XLE,SELL,12.2845,42.0211,516.21,個別株資金捻出（CWAN）
2023-09-06,XLE,SELL,19.6121,42.0211,824.12,個別株資金捻出（FNF）
2023-09-06,XLE,SELL,12.1637,42.0211,511.13,個別株資金捻出（PR）
2023-09-07,XLE,SELL,2.8511,41.9796,119.69,個別株資金捻出（ACI）
2023-10-02,XLE,BUY,68.6092,41.0927,2819.34,"月初リバランス（スコア2.2, 1M:+0.4% 3M:+9.7% 6M:+8.7% 12M:+26.6%）"
2023-10-02,XLE,SELL,0.0819,41.0927,3.37,個別株資金捻出（JBL）
2023-10-03,XLE,SELL,68.5273,41.0648,2814.06,50MA割れ
2023-10-25,SGOV,BUY,63.4316,90.0452,5711.71,レジーム転換→SGOV待避
2023-11-01,SGOV,SELL,63.4316,90.15,5718.36,月初リバランス（非ターゲット）
2023-12-01,XLK,BUY,26.2252,91.3858,2396.61,"月初リバランス（スコア1.9, 1M:+11.0% 3M:+5.5% 6M:+11.7% 12M:+37.8%）"
2023-12-01,XLF,BUY,68.575,34.9488,2396.61,"月初リバランス（スコア2.9, 1M:+11.1% 3M:+4.7% 6M:+11.3% 12M:+1.6%）"
2023-12-01,XLF,SELL,18.6515,34.9488,651.85,個別株資金捻出（PKG）
2023-12-01,XLF,SELL,4.143,34.9488,144.79,個別株資金捻出（RSG）
2023-12-01,XLF,SELL,22.5973,34.9488,789.75,個別株資金捻出（TW）
2023-12-01,XLF,SELL,21.9755,34.9488,768.02,個別株資金捻出（CBOE）
2023-12-01,XLF,SELL,1.2076,34.9488,42.21,個別株資金捻出（ROP）
2023-12-01,XLK,SELL,7.3743,91.3858,673.9,個別株資金捻出（ROP）
2023-12-01,XLK,SELL,5.8095,91.3858,530.91,個別株資金捻出（NOW）
2023-12-01,XLK,SELL,7.5006,91.3858,685.45,個別株資金捻出（L）
2023-12-01,XLK,SELL,5.5408,91.3858,506.35,個別株資金捻出（PSX）
2024-01-01,XLRE,BUY,35.1528,37.4102,1315.08,"月初リバランス（スコア2.8, 1M:+9.6% 3M:+18.8% 6M:+8.3% 12M:+13.8%）"
2024-01-01,XLF,BUY,36.0192,36.5104,1315.08,"月初リバランス（スコア3.2, 1M:+6.4% 3M:+13.9% 6M:+12.6% 12M:+13.3%）"
2024-01-16,XLF,SELL,2.9049,36.2579,105.32,個別株資金捻出（BK）
2024-01-17,XLF,SELL,13.286,36.1899,480.82,個別株資金捻出（AMD）
2024-01-18,XLF,SELL,1.5387,36.2482,55.78,個別株資金捻出（NTNX）
2024-01-22,XLF,SELL,0.6449,37.0056,23.86,個別株資金捻出（MAR）
2024-01-22,XLF,SELL,8.7971,37.0056,325.54,個別株資金捻出（QCOM）
2024-01-26,XLF,SELL,8.8477,37.5299,332.05,個別株資金捻出（RSG）
2024-01-26,XLRE,SELL,0.8211,35.9441,29.51,個別株資金捻出（RSG）
2024-01-26,XLRE,SELL,23.2179,35.9441,834.55,個別株資金捻出（TDG）
2024-01-26,XLRE,SELL,11.1138,35.9441,399.47,個別株資金捻出（URI）
2024-02-01,XLK,BUY,17.2182,98.7879,1700.95,"月初リバランス（スコア1.0, 1M:+6.8% 3M:+22.3% 6M:+15.4% 12M:+48.5%）"
2024-02-01,XLC,BUY,22.7059,74.9122,1700.95,"月初リバランス（スコア2.7, 1M:+6.1% 3M:+18.7% 6M:+14.3% 12M:+40.5%）"
2024-02-01,XLC,SELL,1.0866,74.9122,81.4,個別株資金捻出（PTC）
2024-02-01,XLC,SELL,5.9029,74.9122,442.2,個別株資金捻出（PCVX）
2024-02-01,XLC,SELL,10.536,74.9122,789.28,個別株資金捻出（NRG）
2024-02-01,XLC,SELL,5.1804,74.9122,388.08,個別株資金捻出（IBM）
2024-02-01,XLK,SELL,2.814,98.7879,277.99,個別株資金捻出（IBM）
2024-02-01,XLK,SELL,3.8896,98.7879,384.25,個別株資金捻出（MOD）
2024-02-02,XLK,SELL,0.0551,99.8095,5.5,個別株資金捻出（TT）
2024-02-06,XLK,SELL,3.1813,99.5775,316.79,個別株資金捻出（CAT）
2024-02-07,XLK,SELL,4.9218,100.8952,496.59,個別株資金捻出（DECK）
2024-02-14,XLK,SELL,2.3563,101.1124,238.25,個別株資金捻出（EXP）
2024-03-01,QQQ,BUY,2.1496,440.7422,947.4,"月初リバランス（スコア2.9, 1M:+6.9% 3M:+14.6% 6M:+18.7% 12M:+54.1%）"
2024-03-01,XLK,BUY,9.1084,104.0143,947.4,"月初リバランス（スコア3.1, 1M:+6.6% 3M:+14.2% 6M:+21.1% 12M:+56.9%）"
2024-03-01,XLK,SELL,1.8403,104.0143,191.42,個別株資金捻出（BWXT）
2024-03-04,XLK,SELL,5.7807,104.0143,601.27,個別株資金捻出（MSTR）
2024-03-04,XLK,SELL,1.4873,104.0143,154.7,個別株資金捻出（EME）
2024-03-04,QQQ,SELL,1.2568,439.1696,551.93,個別株資金捻出（EME）
2024-03-15,QQQ,SELL,0.2629,429.18,112.83,個別株資金捻出（HUBB）
2024-03-27,QQQ,SELL,0.1552,440.5526,68.37,個別株資金捻出（DPZ）
2024-04-01,QQQ,SELL,0.4747,440.6714,209.19,月初リバランス（非ターゲット）
2024-04-01,XLF,BUY,38.8403,40.8292,1585.82,"月初リバランス（スコア3.1, 1M:+4.2% 3M:+11.5% 6M:+26.2% 12M:+33.8%）"
2024-04-01,XLC,BUY,19.6675,80.6315,1585.82,"月初リバランス（スコア3.1, 1M:+4.0% 3M:+12.9% 6M:+25.4% 12M:+46.7%）"
2024-04-02,XLC,SELL,10.1644,80.5041,818.28,個別株資金捻出（EHC）
2024-04-03,XLC,SELL,3.6466,81.141,295.89,個別株資金捻出（OKLO）
2024-04-03,XLC,SELL,0.0691,81.141,5.6,個別株資金捻出（ESAB）
2024-04-03,XLC,SELL,5.7874,81.141,469.59,個別株資金捻出（DTM）
2024-04-03,XLF,SELL,15.3426,40.5953,622.84,個別株資金捻出（DTM）
2024-04-03,XLF,SELL,23.4977,40.5953,953.9,個別株資金捻出（CI）
2024-05-01,XLU,BUY,94.8188,32.0703,3040.86,"月初リバランス（スコア4.4, 1M:+3.3% 3M:+10.8% 6M:+16.1% 12M:+1.0%）"
2024-05-01,XLP,BUY,42.4986,71.5521,3040.86,"月初リバランス（スコア7.9, 1M:-0.5% 3M:+3.6% 6M:+12.6% 12M:-0.4%）"
2024-05-01,XLP,SELL,1.3011,71.5521,93.1,個別株資金捻出（WWD）
2024-05-01,XLP,SELL,10.0276,71.5521,717.5,個別株資金捻出（DPZ）
2024-05-02,XLP,SELL,5.3707,72.1529,387.51,個別株資金捻出（CRS）
2024-05-02,XLP,SELL,10.6833,72.1529,770.83,個別株資金捻出（TT）
2024-05-02,XLP,SELL,7.6322,72.1529,550.69,個別株資金捻出（EAT）
2024-05-02,XLP,SELL,7.4836,72.1529,539.97,個別株資金捻出（ATI）
2024-05-02,XLU,SELL,3.8384,32.2413,123.75,個別株資金捻出（ATI）
2024-05-02,XLU,SELL,34.4024,32.2413,1109.18,個別株資金捻出（MMM）
2024-05-02,XLU,SELL,31.4896,32.2413,1015.27,個別株資金捻出（LDOS）
2024-05-02,XLU,SELL,18.6822,32.2413,602.34,個別株資金捻出（THC）
2024-05-08,XLU,SELL,1.8691,33.3814,62.39,個別株資金捻出（CRS）
2024-05-09,XLU,SELL,4.5371,33.8897,153.76,個別株資金捻出（CL）
2024-06-03,XLC,BUY,18.578,81.9053,1521.63,"月初リバランス（スコア2.2, 1M:+5.3% 3M:+6.1% 6M:+20.4% 12M:+33.7%）"
2024-06-03,XLU,BUY,44.5561,34.151,1521.63,"月初リバランス（スコア3.1, 1M:+5.9% 3M:+15.5% 6M:+16.6% 12M:+15.4%）"
2024-06-03,XLU,SELL,26.0167,34.151,888.49,個別株資金捻出（HEI）
2024-06-03,XLU,SELL,18.5394,34.151,633.14,個別株資金捻出（PRIM）
2024-06-03,XLC,SELL,2.0093,81.9053,164.57,個別株資金捻出（PRIM）
2024-06-04,XLC,SELL,2.3192,82.2188,190.69,個別株資金捻出（VRTX）
2024-06-05,XLC,SELL,11.1959,83.2183,931.71,個別株資金捻出（DTM）
2024-07-01,XLC,SELL,3.0534,83.8018,255.88,月初リバランス（非ターゲット）
2024-07-01,XLK,BUY,23.4895,112.8764,2651.41,"月初リバランス（スコア1.0, 1M:+8.8% 3M:+9.3% 6M:+18.5% 12M:+34.2%）"
2024-07-01,QQQ,BUY,5.5464,478.0445,2651.41,"月初リバランス（スコア2.1, 1M:+6.9% 3M:+8.5% 6M:+17.5% 12M:+33.4%）"
2024-07-01,QQQ,SELL,1.0727,478.0445,512.82,個別株資金捻出（WELL）
2024-07-01,QQQ,SELL,2.2272,478.0445,1064.71,個別株資金捻出（TRGP）
2024-07-01,QQQ,SELL,1.4667,478.0445,701.13,個別株資金捻出（GKOS）
2024-07-01,QQQ,SELL,0.7797,478.0445,372.75,個別株資金捻出（T）
2024-07-01,XLK,SELL,6.0938,112.8764,687.84,個別株資金捻出（T）
2024-07-01,XLK,SELL,10.1956,112.8764,1150.84,個別株資金捻出（DTM）
2024-07-24,XLK,SELL,7.2002,106.9042,769.73,50MA割れ
2024-08-01,XLU,BUY,78.5664,35.4846,2787.9,"月初リバランス（スコア2.1, 1M:+8.9% 3M:+10.6% 6M:+22.6% 12M:+15.7%）"
2024-08-01,XLRE,BUY,70.1735,39.7287,2787.9,"月初リバランス（スコア3.6, 1M:+9.5% 3M:+16.7% 6M:+11.6% 12M:+13.7%）"
2024-08-01,XLRE,SELL,8.9367,39.7287,355.04,個別株資金捻出（PEG）
2024-08-01,XLRE,SELL,28.2483,39.7287,1122.27,個別株資金捻出（DTM）
2024-08-01,XLRE,SELL,21.0006,39.7287,834.33,個別株資金捻出（CLH）
2024-08-01,XLRE,SELL,11.9878,39.7287,476.26,個別株資金捻出（TYL）
2024-08-01,XLU,SELL,7.4792,35.4846,265.4,個別株資金捻出（TYL）
2024-08-07,XLU,SELL,3.1461,35.092,110.4,個別株資金捻出（DUK）
2024-08-09,XLU,SELL,19.7491,35.25,696.16,個別株資金捻出（LUMN）
2024-09-02,XLU,SELL,48.1919,36.5334,1760.61,月初リバランス（非ターゲット）
2024-09-02,XLF,BUY,41.4774,44.7582,1856.45,"月初リバランス（スコア1.6, 1M:+6.1% 3M:+10.3% 6M:+14.4% 12M:+34.8%）"
2024-09-02,XLP,BUY,23.4135,79.29,1856.45,"月初リバランス（スコア3.7, 1M:+5.0% 3M:+7.5% 6M:+12.5% 12M:+16.2%）"
2024-09-03,XLP,SELL,8.0643,79.8473,643.91,個別株資金捻出（BRK-B）
2024-09-03,XLP,SELL,11.6909,79.8473,933.49,個別株資金捻出（PKG）
2024-09-03,XLP,SELL,3.6583,79.8473,292.1,個別株資金捻出（NDAQ）
2024-09-03,XLF,SELL,15.9626,44.4255,709.15,個別株資金捻出（NDAQ）
2024-09-03,XLF,SELL,23.7514,44.4255,1055.17,個別株資金捻出（AFL）
2024-09-03,XLF,SELL,1.7634,44.4255,78.34,個別株資金捻出（BRO）
2024-10-01,XLU,BUY,10.2398,39.259,402.0,"月初リバランス（スコア1.0, 1M:+7.5% 3M:+20.5% 6M:+26.4% 12M:+42.7%）"
2024-10-01,XLRE,BUY,9.4667,42.4652,402.0,"月初リバランス（スコア3.4, 1M:+2.7% 3M:+17.0% 6M:+17.6% 12M:+34.9%）"
2024-10-01,XLRE,SELL,1.3717,42.4652,58.25,個別株資金捻出（FNF）
2024-10-01,XLRE,SELL,8.095,42.4652,343.75,個別株資金捻出（RNR）
2024-10-01,XLU,SELL,10.2398,39.259,402.0,個別株資金捻出（RNR）
2024-11-01,XLF,BUY,9.5842,45.8044,439.0,"月初リバランス（スコア1.9, 1M:+3.9% 3M:+14.6% 6M:+15.9% 12M:+45.5%）"
2024-11-01,XLC,BUY,4.8214,91.0526,439.0,"月初リバランス（スコア3.2, 1M:+2.8% 3M:+12.6% 6M:+15.9% 12M:+42.2%）"
2024-11-01,XLC,SELL,3.3406,91.0526,304.17,個別株資金捻出（ETR）
2024-11-01,XLC,SELL,1.0699,91.0526,97.42,個別株資金捻出（ALSN）
2024-11-05,XLC,SELL,0.4108,91.7523,37.7,個別株資金捻出（TWLO）
2024-11-05,XLF,SELL,0.3276,45.8732,15.03,個別株資金捻出（TWLO）
2024-11-13,XLF,SELL,0.9173,48.8783,44.84,個別株資金捻出（GILD）
2024-11-26,XLF,SELL,8.3392,50.2434,418.99,個別株資金捻出（AMP）
2024-12-02,XLY,BUY,7.5975,110.948,842.93,"月初リバランス（スコア1.4, 1M:+13.9% 3M:+21.8% 6M:+28.0% 12M:+33.9%）"
2024-12-02,XLF,BUY,16.8858,49.9194,842.93,"月初リバランス（スコア2.5, 1M:+9.4% 3M:+12.4% 6M:+23.8% 12M:+43.9%）"
2024-12-03,XLF,SELL,0.9842,49.5462,48.76,個別株資金捻出（NDAQ）
2024-12-03,XLF,SELL,15.2815,49.5462,757.14,個別株資金捻出（TPR）
2024-12-04,XLF,SELL,0.6201,49.3596,30.61,個別株資金捻出（AXON）
2024-12-04,XLY,SELL,6.5981,111.893,738.28,個別株資金捻出（AXON）
2025-01-01,XLY,BUY,30.2017,111.2128,3358.82,"月初リバランス（スコア1.2, 1M:+1.1% 3M:+12.6% 6M:+20.7% 12M:+26.5%）"
2025-01-01,XLC,BUY,35.1171,95.6463,3358.82,"月初リバランス（スコア3.1, 1M:-1.4% 3M:+7.3% 6M:+13.1% 12M:+34.7%）"
2025-01-10,XLY,SELL,31.2012,109.4629,3415.37,50MA割れ
2025-01-10,XLC,SELL,35.1171,94.6583,3324.13,50MA割れ
2025-02-03,XLF,BUY,8.3169,50.5563,420.47,"月初リバランス（スコア2.4, 1M:+6.1% 3M:+9.2% 6M:+19.8% 12M:+34.3%）"
2025-02-03,XLC,BUY,4.148,101.3667,420.47,"月初リバランス（スコア2.5, 1M:+6.0% 3M:+10.8% 6M:+19.8% 12M:+36.7%）"
2025-02-05,XLC,SELL,4.148,101.2877,420.14,個別株資金捻出（FOXA）
2025-02-05,XLF,SELL,5.7552,50.9706,293.35,個別株資金捻出（FOXA）
2025-02-05,XLF,SELL,2.5617,50.9706,130.57,個別株資金捻出（SGI）
2025-03-03,XLC,BUY,31.8324,99.7662,3175.8,"月初リバランス（スコア2.7, 1M:-1.0% 3M:+3.6% 6M:+16.8% 12M:+29.8%）"
2025-03-03,XLF,BUY,62.2343,51.0298,3175.8,"月初リバランス（スコア3.5, 1M:-0.1% 3M:+1.6% 6M:+16.1% 12M:+30.2%）"
2025-03-03,XLF,SELL,23.4478,51.0298,1196.53,個別株資金捻出（ABT）
2025-03-03,XLF,SELL,17.7449,51.0298,905.52,個別株資金捻出（GILD）
2025-03-04,XLC,SELL,31.8324,98.9758,3150.64,50MA割れ
2025-03-04,XLF,SELL,21.0416,49.2347,1035.98,50MA割れ
2025-03-10,SGOV,BUY,53.8017,96.4927,5191.47,レジーム転換→SGOV待避
2025-03-24,SGOV,SELL,53.8017,96.656,5200.25,レジーム転換 ベア→ブル（SPY>200MA）
2025-03-26,SGOV,BUY,87.7185,96.6848,8481.05,レジーム転換→SGOV待避
2025-05-01,SGOV,BUY,7.4405,97.0906,722.4,月初（ベア）SGOV待避
2025-05-12,SGOV,SELL,95.159,97.197,9249.17,レジーム転換 ベア→ブル（SPY>200MA）
2025-06-02,QQQ,BUY,8.9467,521.3462,4664.34,"月初リバランス（スコア2.8, 1M:+8.6% 3M:+5.4% 6M:+3.0% 12M:+15.3%）"
2025-06-02,XLK,BUY,40.2247,115.9571,4664.34,"月初リバランス（スコア3.7, 1M:+9.3% 3M:+6.7% 6M:-0.4% 12M:+9.2%）"
2025-06-02,XLK,SELL,9.1812,115.9571,1064.63,個別株資金捻出（HWM）
2025-06-02,XLK,SELL,10.07,115.9571,1167.69,個別株資金捻出（WRB）
2025-06-02,XLK,SELL,9.9763,115.9571,1156.83,個別株資金捻出（MNST）
2025-06-02,XLK,SELL,10.0139,115.9571,1161.18,個別株資金捻出（APH）
2025-06-09,XLK,SELL,0.9833,119.2325,117.24,個別株資金捻出（AGX）
2025-06-09,QQQ,SELL,0.3078,528.8095,162.76,個別株資金捻出（AGX）
2025-06-10,QQQ,SELL,0.3528,532.307,187.82,個別株資金捻出（CRS）
2025-06-10,QQQ,SELL,1.1449,532.307,609.44,個別株資金捻出（HOOD）
2025-06-11,QQQ,SELL,1.4344,530.5134,760.95,個別株資金捻出（BWXT）
2025-06-12,QQQ,SELL,0.0751,531.7589,39.94,個別株資金捻出（AGX）
2025-07-01,QQQ,SELL,5.6317,545.6536,3072.97,月初リバランス（非ターゲット）
2025-07-01,XLC,BUY,27.9648,107.039,2993.32,"月初リバランス（スコア2.6, 1M:+6.5% 3M:+12.0% 6M:+9.4% 12M:+26.0%）"
2025-07-01,XLK,BUY,23.9209,125.1341,2993.32,"月初リバランス（スコア3.3, 1M:+8.9% 3M:+21.7% 6M:+4.6% 12M:+11.6%）"
2025-07-02,XLK,SELL,9.3714,126.4554,1185.06,個別株資金捻出（GS）
2025-07-02,XLK,SELL,2.466,126.4554,311.84,個別株資金捻出（AVAV）
2025-07-02,XLK,SELL,7.2909,126.4554,921.98,個別株資金捻出（HAS）
2025-07-31,XLK,SELL,1.0996,131.0027,144.05,個別株資金捻出（SANM）
2025-08-01,XLC,SELL,27.9648,105.4099,2947.77,月初リバランス（非ターゲット）
2025-08-01,XLK,BUY,11.5565,128.1756,1481.27,"月初リバランス（スコア1.4, 1M:+1.4% 3M:+20.9% 6M:+11.1% 12M:+23.3%）"
2025-08-01,XLU,BUY,35.0212,42.2963,1481.27,"月初リバランス（スコア3.0, 1M:+5.6% 3M:+9.2% 6M:+11.1% 12M:+22.9%）"
2025-08-01,XLU,SELL,12.9368,42.2963,547.18,個別株資金捻出（FN）
2025-08-04,XLU,SELL,22.0844,43.0456,950.64,個別株資金捻出（MSFT）
2025-08-04,XLK,SELL,1.098,130.7783,143.59,個別株資金捻出（MSFT）
2025-08-04,XLK,SELL,5.4402,130.7783,711.46,個別株資金捻出（SPXC）
2025-08-04,XLK,SELL,6.3593,130.7783,831.66,個別株資金捻出（LECO）
2025-09-01,XLC,BUY,27.8481,110.6447,3081.25,"月初リバランス（スコア3.4, 1M:+3.7% 3M:+10.1% 6M:+9.8% 12M:+28.7%）"
2025-09-01,XLK,BUY,23.5465,130.8581,3081.25,"月初リバランス（スコア4.8, 1M:-0.1% 3M:+13.8% 6M:+16.8% 12M:+18.8%）"
2025-09-03,XLK,SELL,2.7686,130.3096,360.77,個別株資金捻出（GOOG）
2025-09-03,XLK,SELL,6.6286,130.3096,863.77,個別株資金捻出（AXP）
2025-09-03,XLK,SELL,6.8856,130.3096,897.26,個別株資金捻出（NEM）
2025-09-04,XLK,SELL,9.1132,130.9528,1193.4,個別株資金捻出（OMF）
2025-09-04,XLK,SELL,0.5025,130.9528,65.8,個別株資金捻出（CRDO）
2025-09-04,XLC,SELL,6.2977,113.3167,713.64,個別株資金捻出（CRDO）
2025-09-04,XLC,SELL,8.2645,113.3167,936.51,個別株資金捻出（WDC）
2025-09-04,XLC,SELL,9.7278,113.3167,1102.32,個別株資金捻出（GLW）
2025-09-05,XLC,SELL,3.5581,113.9226,405.35,個別株資金捻出（GOOGL）
2025-10-01,XLK,BUY,22.5003,142.0945,3197.16,"月初リバランス（スコア1.1, 1M:+9.7% 3M:+12.4% 6M:+37.2% 12M:+27.2%）"
2025-10-01,QQQ,BUY,5.3067,602.4738,3197.16,"月初リバランス（スコア2.4, 1M:+6.8% 3M:+9.6% 6M:+27.9% 12M:+24.6%）"
2025-10-01,QQQ,SELL,0.3692,602.4738,222.45,個別株資金捻出（WDC）
2025-10-02,QQQ,SELL,1.3705,604.9506,829.07,個別株資金捻出（TTMI）
2025-10-02,QQQ,SELL,1.6976,604.9506,1026.95,個別株資金捻出（AYI）
2025-10-02,QQQ,SELL,1.8694,604.9506,1130.92,個別株資金捻出（ORI）
2025-10-02,XLK,SELL,0.1491,142.8633,21.31,個別株資金捻出（ORI）
2025-10-03,XLK,SELL,0.362,142.1444,51.46,個別株資金捻出（LRCX）
2025-11-03,XLK,BUY,24.9649,150.7264,3762.86,"月初リバランス（スコア1.0, 1M:+6.0% 3M:+16.2% 6M:+40.5% 12M:+32.3%）"
2025-11-03,QQQ,BUY,5.9608,631.2667,3762.86,"月初リバランス（スコア2.0, 1M:+4.8% 3M:+12.9% 6M:+30.4% 12M:+28.0%）"
2025-11-04,QQQ,SELL,0.2652,618.4532,163.99,個別株資金捻出（FOXA）
2025-11-04,QQQ,SELL,1.4048,618.4532,868.83,個別株資金捻出（FOX）
2025-11-04,QQQ,SELL,1.4927,618.4532,923.14,個別株資金捻出（PLTR）
2025-11-06,QQQ,SELL,0.8135,610.8829,496.98,個別株資金捻出（NXT）
2025-11-06,QQQ,SELL,1.4593,610.8829,891.45,個別株資金捻出（AEIS）
2025-11-06,QQQ,SELL,0.5253,610.8829,320.92,個別株資金捻出（MLI）
2025-11-06,XLK,SELL,5.3796,144.361,776.61,個別株資金捻出（MLI）
2025-11-10,XLK,SELL,2.4461,147.5412,360.9,個別株資金捻出（CIEN）
2025-11-10,XLK,SELL,5.6066,147.5412,827.2,個別株資金捻出（CMI）
2025-11-10,XLK,SELL,7.1039,147.5412,1048.12,個別株資金捻出（FOX）
2025-11-17,XLK,SELL,26.4177,141.6052,3740.89,50MA割れ
2025-12-01,XLV,BUY,27.6815,154.6315,4280.43,"月初リバランス（スコア2.1, 1M:+7.6% 3M:+13.4% 6M:+18.1% 12M:+8.1%）"
2025-12-01,QQQ,BUY,6.9445,616.3759,4280.43,"月初リバランス（スコア5.0, 1M:-1.4% 3M:+9.2% 6M:+18.2% 12M:+21.8%）"
2025-12-02,QQQ,SELL,1.7655,621.1996,1096.76,個別株資金捻出（UHS）
2025-12-02,QQQ,SELL,1.3274,621.1996,824.55,個別株資金捻出（HL）
2025-12-03,QQQ,SELL,0.0245,622.7177,15.27,個別株資金捻出（CRDO）
2025-12-03,QQQ,SELL,0.5716,622.7177,355.96,個別株資金捻出（MLI）
2025-12-05,QQQ,SELL,1.8293,624.6752,1142.71,個別株資金捻出（DCI）
2025-12-15,QQQ,SELL,1.4262,609.7544,869.62,50MA割れ
2025-12-22,XLV,SELL,0.3191,155.3,49.55,個別株資金捻出（NLY）
2025-12-22,XLV,SELL,9.5249,155.3,1479.22,個別株資金捻出（MNST）
2025-12-22,XLV,SELL,5.9044,155.3,916.96,個別株資金捻出（HL）
2025-12-22,XLV,SELL,8.9469,155.3,1389.45,個別株資金捻出（MLI）
2025-12-22,XLV,SELL,2.9861,155.3,463.75,個別株資金捻出（MS）
2026-01-01,XLV,BUY,29.6045,154.8,4582.78,"月初リバランス（スコア3.8, 1M:+0.1% 3M:+8.4% 6M:+15.4% 12M:+13.4%）"
2026-01-01,XLF,BUY,83.6732,54.77,4582.78,"月初リバランス（スコア4.3, 1M:+3.9% 3M:+2.9% 6M:+4.8% 12M:+13.9%）"
2026-01-05,XLF,SELL,28.5714,56.13,1603.71,個別株資金捻出（AGNC）
2026-01-05,XLF,SELL,14.4217,56.13,809.49,個別株資金捻出（FTAI）
2026-01-06,XLF,SELL,24.8478,56.4,1401.41,個別株資金捻出（BK）
2026-01-07,XLF,SELL,15.4434,55.61,858.81,個別株資金捻出（FIVE）
2026-01-07,XLF,SELL,0.389,55.61,21.63,個別株資金捻出（SYF）
2026-01-07,XLV,SELL,8.1998,159.66,1309.18,個別株資金捻出（SYF）
2026-01-07,XLV,SELL,9.3425,159.66,1491.63,個別株資金捻出（COF）
2026-01-07,XLV,SELL,5.0819,159.66,811.38,個別株資金捻出（FCX）
2026-01-07,XLV,SELL,5.7529,159.66,918.51,個別株資金捻出（MU）
2026-01-14,XLV,SELL,1.2273,157.86,193.75,個別株資金捻出（BK）
2026-02-02,XLE,BUY,42.9563,50.05,2149.96,"月初リバランス（スコア2.1, 1M:+11.9% 3M:+15.4% 6M:+19.0% 12M:+14.7%）"
2026-02-02,XLB,BUY,43.3023,49.65,2149.96,"月初リバランス（スコア2.5, 1M:+9.5% 3M:+15.8% 6M:+15.6% 12M:+13.2%）"
2026-02-02,XLB,SELL,23.8283,49.65,1183.08,個別株資金捻出（CHRW）
2026-02-03,XLB,SELL,16.3238,50.7,827.61,個別株資金捻出（TER）
2026-02-03,XLB,SELL,3.1503,50.7,159.72,個別株資金捻出（WDC）
2026-02-03,XLE,SELL,11.8915,51.67,614.44,個別株資金捻出（WDC）
2026-02-03,XLE,SELL,16.5302,51.67,854.12,個別株資金捻出（CAT）
2026-02-05,XLE,SELL,14.5345,52.21,758.85,個別株資金捻出（BEN）
